title,url,price_usd,price_vnd_text,size_m2,price_per_m2_usd,bedrooms,property_type,district,listed_text,listed_approx_date,latitude,longitude,agent,contact,description,scraped_at,source
Frontage Land with Rice Field Views for Sale,https://www.danangmls.com/listing/frontage-land-with-rice-field-views-for-sale-nwnr2e,72200.0,,160.0,451.25,,Land,Cam Le,1 day ago,2026-09-28,,,,84 973 747 373,"For sale: Prime frontage land with an 8m-wide road and peaceful rice field views, conveniently located near Túy Loan Market.
   Details:
   - Area: 160m² (approximately 6.2m wide, expanding to over 10m at the rear).
   - High, dry land with no flooding.
   - Standard 7m-wide road, soon to be paved.
   Prime Location:
   - Only 2km from Túy Loan Market.
   - Just 100m from National Highway 14B.
   - Within a 1.5km radius: primary, secondary, and high schools.
   - 2km from Hòa Vang Ward Administrative Center.
   - Pink Certificate (full legal ownership) ready for fast notarization.
   Price: 1.9 Billion VND (negotiable).

   📞 Zalo / WhatsApp: +84 973 747 373
   📧 Email: danang4homes@gmail.com
   🌐 Website: danang.homes",2026-09-29T07:39:35.547336+00:00,danangmls
Golden Hills Land Plot for Sale in Lien Chieu District,https://www.danangmls.com/listing/golden-hills-land-plot-for-sale-in-lien-chieu-district-7bvmac,110200.0,,125.0,881.6,,Land,Lien Chieu,1 hour ago,2026-09-29,,,,,"This is a fantastic opportunity to acquire an A5 residential land plot within the Golden Hills urban area. The plot offers a prime 7.5m wide road frontage with a 4m wide sidewalk and features a unique 1m-wide emergency drainage easement—a rare find. The land measures 125m² with dimensions of 5m x 25m, providing an excellent canvas for your future home.",2026-09-29T07:39:37.466137+00:00,danangmls
Golden Hills Prime Land Plot for Sale,https://www.danangmls.com/listing/golden-hills-prime-land-plot-for-sale-fj9pvx,106400.0,,125.0,851.2,,Land,,7 hours ago,2026-09-29,,,,84 973 747 373,"This prime plot of land in the sought-after Golden Hills area is now available! Located on a 7.5-meter-wide road with 4-meter-wide sidewalks, this property offers excellent access and potential. The plot has a spacious area of 125m² with dimensions of 5m x 25m. Priced for a quick sale with room for negotiation.

📞 Zalo / WhatsApp: +84 973 747 373
📧 Email: danang4homes@gmail.com
🌐 Website: danang.homes",2026-09-29T07:39:39.378659+00:00,danangmls
Great Land Plot on Pham Nhu Xuong Street for Sale,https://www.danangmls.com/listing/great-land-plot-on-pham-nhu-xuong-street-for-sale-13fnss,110000.0,,66.0,1666.67,,Land,Lien Chieu,1 day ago,2026-09-28,,,,84 973 747 373,"Selling land plot in alley 65 Pham Nhu Xuong, near Lien Chieu Hospital and close to the main road.
- Area: 66m2, width: 4.8m
- Price: 2.75 billion VND, negotiable

📞 Zalo / WhatsApp: +84 973 747 373
📧 Email: danang4homes@gmail.com
🌐 Website: danang.homes",2026-09-29T07:39:41.021216+00:00,danangmls
Land for Sale in Đa Phước Near Beach Access,https://www.danangmls.com/listing/land-for-sale-in-a-ph-c-near-beach-access-d2b0zv,142500.0,,52.0,2740.38,,Land,Ngu Hanh Son,1 day ago,2026-09-28,,,,84 973 747 373,"Two prime plots for sale on K18 Ông Ích Khiêm, just 40 meters from the main road, located in the Đa Phước Residential Area and near Nguyễn Tất Thành Beach and Phú Gia Compound.

Plot 3: Area 52m², wide 7m frontage. Price: 3.75 billion VND.
Plot 4: Area 61m², nearly 4m frontage, widens at the rear. Price: 3.95 billion VND.

The land is currently vacant and ready for immediate construction, with truck access for material delivery.

📞 Zalo / WhatsApp: +84 973 747 373
📧 Email: danang4homes@gmail.com
🌐 Website: danang.homes",2026-09-29T07:39:42.636478+00:00,danangmls
"Land for sale in An Thang, Da Nang",https://www.danangmls.com/listing/land-for-sale-in-an-thang-da-nang-1emq5b,52440.0,,,,,Land,Cam Le,5 hours ago,2026-09-29,,,,84 973 747 373,"This 140-square-meter land plot in Phong Luc Tay, An Thang, Da Nang offers a fantastic investment opportunity. It is not prone to flooding and is free from spiritual concerns, featuring a pleasant view of a refreshing canal. The location is superb, situated right next to a 7.5-meter-wide asphalt road that connects to Tran Phu Street (Road 33) and DH1. Within a 2km radius, you will find all essential amenities including hospitals, schools, the People's Committee Office, and kindergartens. All this for a price of under 1.4 billion VND.

📞 Zalo / WhatsApp: +84 973 747 373
📧 Email: danang4homes@gmail.com
🌐 Website: danang.homes",2026-09-29T07:39:44.266167+00:00,danangmls
Land for Sale with Park Views in Ngu Hanh Son,https://www.danangmls.com/listing/land-for-sale-with-park-views-in-ngu-hanh-son-eb762i,171000.0,,100.0,1710.0,,Land,Ngu Hanh Son,1 day ago,2026-09-28,,,,84 973 747 373,"Selling land with park views - Dong Hai 12 near Song Co Co River - just 500m from Tan Tra Beach, Ngu Hanh Son.
Area: 100m2. Facing: West, with direct park views.
Advantages: Quiet space, good security, unobstructed. Green space in front, children can play freely.
Amenities: Closed residential area, near beach, market, and schools complete. 5.5m road for easy car access.
Function: Build a house, mini villa for vacation, or hold long-term, all are good.
Legal: Owner's certificate, notarization immediately.
Price: 4.5 billion negotiable

📞 Zalo / WhatsApp: +84 973 747 373
📧 Email: danang4homes@gmail.com
🌐 Website: danang.homes

Price: $171,000 for sale",2026-09-29T07:39:45.948998+00:00,danangmls
Land Shophouse Near FPT University for Sale,https://www.danangmls.com/listing/land-shophouse-near-fpt-university-for-sale-1j1d06,190000.0,,108.0,1759.26,,Land,Ngu Hanh Son,1 day ago,2026-09-28,,,,84 973 747 373,"DEEP DISCOUNT - Shophouse land near FPT University - 5.X billion VND. Selling shophouse land on the FPT axis, area 108 m², east-facing, 9.5m road width. Suitable for all types of business, perfect for building beautiful apartments.
📞 Zalo / WhatsApp: +84 973 747 373
📧 Email: danang4homes@gmail.com
🌐 Website: danang.homes",2026-09-29T07:39:47.617727+00:00,danangmls
Land with Free House for Sale on K382 Nui Thanh,https://www.danangmls.com/listing/land-with-free-house-for-sale-on-k382-nui-thanh-1a8jl5,114000.0,,64.0,1781.25,,Land,Hai Chau,1 day ago,2026-09-28,,,,,"For sale: A 64m² plot of land with a width of 5.6m that widens towards the back. The property comes with a free single-story house, ready to move into or rebuild. Located just 60m from Phan Huy On Street and 200m from Le Thanh Nghi – Phan Dang Luu Street. Price: 2.85 billion VND.",2026-09-29T07:39:49.312892+00:00,danangmls
Prime 115m² Land Plot for Sale in Ngu Hanh Son,https://www.danangmls.com/listing/prime-115m-land-plot-for-sale-in-ngu-hanh-son-1rmbod,190000.0,,115.0,1652.17,,Land,Ngu Hanh Son,22 hours ago,2026-09-28,,,,84 973 747 373,"This is a prime rectangular land plot with a large area of 115m², accessible by car and located near main roads. Just a few steps away on foot.

- Conveniently located near Mai Dang Chon School, supermarkets, markets, etc., always bustling with residents.

📞 Zalo / WhatsApp: +84 973 747 373
📧 Email: danang4homes@gmail.com
🌐 Website: danang.homes",2026-09-29T07:39:50.994213+00:00,danangmls
Prime Commercial Land Plots for Sale in Da Nang,https://www.danangmls.com/listing/prime-commercial-land-plots-for-sale-in-da-nang-1wa9rt,169100.0,,77.5,2181.94,,Land,Hai Chau,4 hours ago,2026-09-29,,,,84 973 747 373,"Two prime land plots in Alley 123, Cu Chinh Lan Street are available for sale, offering convenient access for both residential living and business ventures. The location is ideal, close to markets and schools. Plot 2 measures 77.5 square meters with a 4-meter frontage and expands to a 5-meter width at the rear. Plot 3 measures 55 square meters. This is a fantastic opportunity to secure land in a strategic and growing area.

📞 Zalo / WhatsApp: +84 973 747 373
📧 Email: danang4homes@gmail.com
🌐 Website: danang.homes",2026-09-29T07:39:54.373105+00:00,danangmls
Prime Corner Land Plot for Sale in Da Nang,https://www.danangmls.com/listing/prime-corner-land-plot-for-sale-in-da-nang-1jima8,114000.0,,60.0,1900.0,,Land,Hai Chau,11 hours ago,2026-09-28,,,,84 973 747 373,"This prime corner land plot on a 3m wide alley on Hoang Dieu Street offers an excellent location with high security and an educated community. It's an ideal spot for building your dream home. The land area is nearly 60 square meters. The price is slightly over 3 billion VND.
📞 Zalo / WhatsApp: +84 973 747 373
📧 Email: danang4homes@gmail.com
🌐 Website: danang.homes",2026-09-29T07:39:57.636607+00:00,danangmls
Prime Hoa Xuan Land Plot for Sale,https://www.danangmls.com/listing/prime-hoa-xuan-land-plot-for-sale-12goxx,40000.0,,,,,Land,Cam Le,1 day ago,2026-09-28,,,,84 973 747 373,"A 3-level school system is just 300m away. The property comes with a ready ""Sổ Hồng"" (Pink Book) land use certificate. Priced at only 1 billion VND.
2.
📞 Zalo / WhatsApp: +84 973 747 373
📧 Email: danang4homes@gmail.com
🌐 Website: danang.homes",2026-09-29T07:40:07.656972+00:00,danangmls
Prime Hoi An Land Parcel for Sale,https://www.danangmls.com/listing/prime-hoi-an-land-parcel-for-sale-3u3qh3,117800.0,,350.0,336.57,,Land,Hoi An,30 minutes ago,2026-09-29,,,,84 973 747 373,"This exceptional 350m² land parcel, featuring a generous 10-meter frontage, is located adjacent to Tran Thu Do street. The property offers a prime location with quick connectivity to Hoi An and surrounding areas. Situated on a main concrete road, access and travel are highly convenient. The sizable and wide plot is ideally suited for building a garden home, investment purposes, or as a long-term asset. Priced at 3.1 billion VND (negotiable).

📞 Zalo / WhatsApp: +84 973 747 373
📧 Email: danang4homes@gmail.com
🌐 Website: danang.homes",2026-09-29T07:40:09.640240+00:00,danangmls
Prime Land for Sale at Ngu Hanh Son Mountain Base,https://www.danangmls.com/listing/prime-land-for-sale-at-ngu-hanh-son-mountain-base-1c2wz9,114000.0,,80.0,1425.0,,Land,Ngu Hanh Son,1 day ago,2026-09-28,,,,84 973 747 373,"This land is located on Non Nuoc Street, Hoa Hai Ward, Ngu Hanh Son District. The area is fully accessible by car, part of a dense and secure residential community, making it very convenient for living. It's just about a 5-minute walk to Non Nuoc Beach. Situated right at the foot of the Ngu Hanh Son Mountains, this location is ideal for both living and investment. The plot is over 80m² in size, with a width of more than 5 meters, square-shaped and in excellent condition, facing Southwest. The price is just slightly above 3 billion VND – a very attractive price for an area so close to the beach.

📞 Zalo / WhatsApp: +84 973 747 373
📧 Email: danang4homes@gmail.com
🌐 Website: danang.homes",2026-09-29T07:40:11.289735+00:00,danangmls
Prime Land for Sale in Da Nang with Excellent Access,https://www.danangmls.com/listing/prime-land-for-sale-in-da-nang-with-excellent-access-16zqcn,75240.0,,200.0,376.2,,Land,Cam Le,5 hours ago,2026-09-29,,,,84 973 747 373,"This exceptional land parcel is now available for sale. Located in Ha Dong, Hoa Xuan, it offers a substantial 200 sqm area with 6-meter road access, ideal for development. The property can be subdivided into two lots, each suitable for constructing a house. It's perfectly situated just 30 meters from a major 7.5-meter asphalt road, providing superb connectivity. The location is a mere 3 minutes from the Duc Long Bus Station, 4 minutes from Nga Ba Mieu Bong intersection, and only 10 minutes from Da Nang city center. The surrounding neighborhood is vibrant and peaceful, with all necessary amenities close by, making it an excellent place to settle. Discover this outstanding opportunity in a prime and convenient location.

📞 Zalo / WhatsApp: +84 973 747 373
📧 Email: danang4homes@gmail.com
🌐 Website: danang.homes",2026-09-29T07:40:13.027382+00:00,danangmls
Prime Land for Sale in Tran Ngoc Suong,https://www.danangmls.com/listing/prime-land-for-sale-in-tran-ngoc-suong-1tiqht,106400.0,,100.0,1064.0,,Land,Cam Le,1 day ago,2026-09-28,,,,84 973 747 373,"Beautiful land plot with 3 alley frontages in Tran Ngoc Suong, Hoa Tho Dong. The plot is 100m², spacious, and has 3 sides facing alleys. Priced at only 2.8 Billion VND – negotiable. Contact us now to view the property directly!
📞 Zalo / WhatsApp: +84 973 747 373
📧 Email: danang4homes@gmail.com
🌐 Website: danang.homes",2026-09-29T07:40:15.515837+00:00,danangmls
Prime Land for Sale Near Hai Van with Great Terms,https://www.danangmls.com/listing/prime-land-for-sale-near-hai-van-with-great-terms-1nt0hs,96000.0,,71.8,1337.05,,Land,Son Tra,23 hours ago,2026-09-28,,,,84 973 747 373,"Beautiful HAI VAN LAND – Affordable price just over 2.4 billion VND.
📍 Located just 10m from Dam Quang Trung street.
✅ Area: 71.8m² – Front width 5.4m, expands at the rear. ✅ Southeast facing, urban residential land, long-term ownership. ✅ Convenient location, suitable for building a home or investment.
💰 Price: Slightly over 2.4 billion – Negotiable.

📞 Zalo / WhatsApp: +84 973 747 373
📧 Email: danang4homes@gmail.com
🌐 Website: danang.homes",2026-09-29T07:40:17.194107+00:00,danangmls
Prime Land for Sale on Tran Tan Street,https://www.danangmls.com/listing/prime-land-for-sale-on-tran-tan-street-14dw9y,114000.0,,102.5,1112.2,,Land,Ngu Hanh Son,3 hours ago,2026-09-29,,,,,"This prime land parcel is located on Tran Tan Street, very close to Nguyen Luong Bang High School. A rare feature is the 1-meter-wide adjacent emergency drainage lane. The land has a total area of 102.5 square meters (5m x 20.5m). The property fronts a 7.5-meter-wide road with a alkway. The asking price is negotiable for this valuable and conveniently located plot.",2026-09-29T07:40:18.893742+00:00,danangmls
Prime Land on Me Linh Frontage for Sale,https://www.danangmls.com/listing/prime-land-on-me-linh-frontage-for-sale-1eqpfw,190000.0,,99.7,1905.72,,Land,Lien Chieu,1 day ago,2026-09-28,,,,84 973 747 373,"Own a prime frontage land on the 33m-wide Me Linh Street, just next to National Highway 1A. This plot offers a generous 99.7m² (5m x 19.5m) with a spacious 6m sidewalk. The land faces Northwest, providing excellent potential for commercial or residential development in a highly accessible location. Price is negotiable.

📞 Zalo / WhatsApp: +84 973 747 373
📧 Email: danang4homes@gmail.com
🌐 Website: danang.homes",2026-09-29T07:40:22.219074+00:00,danangmls
Prime Land Plot for Sale in Hoa Son District,https://www.danangmls.com/listing/prime-land-plot-for-sale-in-hoa-son-district-ruh12t,116000.0,,100.0,1160.0,,Land,Cam Le,30 minutes ago,2026-09-29,,,,84 973 747 373,"This prime land plot for sale is located on Lot 334 B2-35 along DT 602 in Hoa Son. The plot features a generous 100m² area (5x20 meters) with a spacious 7.5m-wide road frontage. It is situated adjacent to a corner lot and directly opposite a sports field. The area is a vibrant, established residential community with excellent accessibility and an open, airy location. The price is 2.9 billion VND and is negotiable.
📞 Zalo / WhatsApp: +84 973 747 373
📧 Email: danang4homes@gmail.com
🌐 Website: danang.homes",2026-09-29T07:40:28.880129+00:00,danangmls
Prime Land Plot for Sale in Hoa Xuan,https://www.danangmls.com/listing/prime-land-plot-for-sale-in-hoa-xuan-1sbxnx,108300.0,,,,,Land,Cam Le,9 hours ago,2026-09-28,,,,,"A beautiful land plot in a prime location within the Quang Chau residential area of Hoa Xuan Ward. The 100-square-meter plot is ideally situated on a wide, 7.5-meter asphalt road, allowing for easy car access. Facing Northwest, the land is in a developed neighborhood with open and airy roads, making it perfect for building a home or as a solid investment opportunity.",2026-09-29T07:40:30.612095+00:00,danangmls
Prime Land Plot for Sale in Tranquil Neighborhood,https://www.danangmls.com/listing/prime-land-plot-for-sale-in-tranquil-neighborhood-u6mg1v,57000.0,,125.0,456.0,,Land,Cam Le,1 day ago,2026-09-28,,,,84 973 747 373,"Land for sale in Tran Huyen, TDC Hoa Ninh 1. The plot has an area of 125m2 with a 5.5m wide road and 1.5m wide sidewalks. It is located just a few hundred meters from the market, schools, and the commune headquarters. Priced at 1.5 billion VND.


📞 Zalo / WhatsApp: +84 973 747 373
📧 Email: danang4homes@gmail.com
🌐 Website: danang.homes",2026-09-29T07:40:32.243559+00:00,danangmls
Prime Land Plot for Sale in Vibrant Danang Neighborhood,https://www.danangmls.com/listing/prime-land-plot-for-sale-in-vibrant-danang-neighborhood-cfanh0,190000.0,,108.5,1751.15,,Land,Lien Chieu,1 hour ago,2026-09-29,,,,,"This prime land plot is located on Hoa Minh 28 Street, a key thoroughfare connecting to Ho Tung Mau, in Hoa Khanh Ward, Da Nang. The plot offers a spacious area of 108.5 square meters (5m x 21.7m) with 6-meter road access and 4-meter sidewalks. It sits in a fully developed underground electrical area. The location is excellent, being close to the administrative center, surrounded by high-rise buildings and villas. The neighborhood is known for its high standard of living, good security, and proximity to the beach, as well as Bach Khoa University and the University of Education. It is also conveniently near Hoang Thi Loan and Nguyen Sinh Sac streets. A great investment opportunity in a top-tier area.",2026-09-29T07:40:34.187896+00:00,danangmls
Prime Land with Free House for Sale in Da Nang,https://www.danangmls.com/listing/prime-land-with-free-house-for-sale-in-da-nang-ar5wkp,114000.0,,68.0,1676.47,,Land,Lien Chieu,12 hours ago,2026-09-28,,,,,"Rare opportunity in Hoang Van Thai! This 68m² plot of land comes with a usable house included. The property features a spacious 5m-wide alley in front, perfect for parking your car right at the gate. Located in the bustling and secure Hoa Khanh Nam residential area, you'll enjoy proximity to local markets, schools, gas stations, and the Da Son football field. All paperwork is ready and clear for a swift and straightforward transaction.",2026-09-29T07:40:35.858032+00:00,danangmls
Prime Residential Land Plots for Sale in Da Nang,https://www.danangmls.com/listing/prime-residential-land-plots-for-sale-in-da-nang-1fjplz,136800.0,,80.0,1710.0,,Land,,1 day ago,2026-09-28,,,,84 973 747 373,"Prime land for sale in an excellent location! These plots are situated on a 5m-wide alley, just steps from Hoang Thi Loan Street. The location is highly convenient, right near the Oncology Hospital and adjacent to a main road, with space for a car to park right in front. Available plots range in size from 60 to 80 square meters.

This is a fantastic opportunity to own land in a central, accessible area of Da Nang. Contact us today to arrange a viewing!

📞 Zalo / WhatsApp: +84 973 747 373
📧 Email: danang4homes@gmail.com
🌐 Website: danang.homes",2026-09-29T07:40:39.483428+00:00,danangmls
Spacious 83sqm Car Alley Land Plot for Sale,https://www.danangmls.com/listing/spacious-83sqm-car-alley-land-plot-for-sale-1j88kn,100700.0,,83.0,1213.25,,Land,Lien Chieu,4 hours ago,2026-09-29,,,,84 973 747 373,"For sale is a prime land lot at alley 44/13 Da Son, Lien Chieu, Da Nang. The plot features a spacious area of 83 square meters. It is situated on a standard 4-meter wide car alley, providing excellent access and ventilation, with cars able to reach the property directly. The legal status is clear with the official pink book (land use certificate) ready from the current owner, allowing for immediate transfer of ownership on the same day. The location is within a stable residential neighborhood, conveniently close to markets, schools, and all essential amenities. This is a rare opportunity in Da Son to acquire a property on a spacious, car-accessible alley with complete and clean paperwork, perfect for either living or investment.

📞 Zalo / WhatsApp: +84 973 747 373
📧 Email: danang4homes@gmail.com
🌐 Website: danang.homes",2026-09-29T07:40:42.822324+00:00,danangmls
Spacious Corner Land Plot For Sale in Nam Hoa Khuong,https://www.danangmls.com/listing/spacious-corner-land-plot-for-sale-in-nam-hoa-khuong-1ol9sd,38000.0,,130.0,292.31,,Land,Cam Le,15 hours ago,2026-09-28,,,,,"This is a prime corner land plot with a widening rear and two street frontages in Nam Hoa Khuong. The lot is 130m² (7m wide, widening to 8m at the rear) with 100% residential land use. The 4m-wide road in front connects at both ends, and it's only 30m to a 7.5m-wide road. The location is excellent, approximately 300m from DT609B and 500m from QL14B. Essential amenities like markets, schools, and a medical center are just a 3-minute drive away, while the hospital is about 5 minutes, and Da Nang city center is roughly 20 minutes. This product comes with a separate Red Book (Certificate of Land Use Rights) with clear legal status, and we can assist with up to 50% bank financing. This newly listed corner plot with a favorable area is priced under 1 billion VND.",2026-09-29T07:40:44.484893+00:00,danangmls
Spacious Land Plot for Sale in Quang Nam,https://www.danangmls.com/listing/spacious-land-plot-for-sale-in-quang-nam-nc98n0,45600.0,,105.0,434.29,,Land,,1 day ago,2026-09-28,,,,84 973 747 373,"1. This is a beautiful, untouched land plot ready for immediate purchase. The land is located in Bo Mung 1, Dien Thang, Quang Nam, with a square area of 105m2 plus an additional 1m side area for windows. It's just 800m from National Highway 1A with a 3m wide concrete road access. Perfect for a young family looking for their first home or an elderly couple seeking a peaceful retirement.

📞 Zalo / WhatsApp: +84 973 747 373
📧 Email: danang4homes@gmail.com
🌐 Website: danang.homes",2026-09-29T07:40:46.248033+00:00,danangmls
Spacious Land Plot on Đại La 2 Road for Sale,https://www.danangmls.com/listing/spacious-land-plot-on-i-la-2-road-for-sale-1db036,93860.0,,95.0,988.0,,Land,Cam Le,17 hours ago,2026-09-28,,,,84 973 747 373,"Discover this excellent land plot on Đại La 2 Road in the vibrant Hoà Khánh area of Da Nang. The property boasts a planned road width of 7.5 meters with 3-meter sidewalks, situated in a bustling, high-ground residential neighborhood that stays cool and pleasant year-round. The plot has a total area of 95m² with dimensions of 5m x 19m and a favorable Southeast orientation, ensuring a cool and comfortable atmosphere. Priced attractively for a quick sale.

📞 Zalo / WhatsApp: +84 973 747 373
📧 Email: danang4homes@gmail.com
🌐 Website: danang.homes",2026-09-29T07:40:49.624259+00:00,danangmls
Spacious Land with Attic House for Sale,https://www.danangmls.com/listing/spacious-land-with-attic-house-for-sale-1oex4q,136800.0,,50.0,2736.0,,Land,Cam Le,4 hours ago,2026-09-29,,,,84 973 747 373,"This property offers a land plot with a built-in attic house, located on a fully paved, 5m-wide alley suitable for car access in the Khuê Trung area of Cẩm Lệ district, Da Nang. The land has an area of 50m2 and is nearly 8m wide. The location is highly desirable, situated in a populous and safe residential neighborhood with an abundance of surrounding amenities. It is close to all levels of schools (primary, secondary, and high school) and near major roads like Nguyễn Phong Sắc, Xô Viết Nghệ Tĩnh, and Trính Đình Thảo. It is also conveniently located near universities such as the University of Architecture, University of Foreign Languages, and Đông Á University. The price is 3.6 billion VND and is negotiable.
📞 Zalo / WhatsApp: +84 973 747 373
📧 Email: danang4homes@gmail.com
🌐 Website: danang.homes",2026-09-29T07:40:52.947220+00:00,danangmls
Two Prime Land Plots for Sale in Da Nang,https://www.danangmls.com/listing/two-prime-land-plots-for-sale-in-da-nang-i9lwyp,169100.0,,77.5,2181.94,,Land,,1 day ago,2026-09-28,,,,,"For sale are two prime land plots on K Street 123, Cu Chinh Lan, with 6M wide road access, ideal for living and business, located near the market and schools. Plot details: - Plot 2: Area 77.5 m², frontage 4m, expands to 5m rear, priced at 4.450 billion VND. - Plot Eng3: Area 55 m², priced at 3.750 billion VND.",2026-09-29T07:40:54.595575+00:00,danangmls
